{"cameraMode":{"drawMode":0,"name":"Shaded","section":"Shading Mode"},"sceneLighting":true,"audioPlay":false,"sceneViewState":{"showFog":true,"showMaterialUpdate":false,"showSkybox":true,"showFlares":true,"showImageEffects":true,"showParticleSystems":true},"in2DMode":false,"pivot":{"x":1.540191888809204,"y":6.4188737869262699,"z":-1.6260287761688233},"rotation":{"x":-0.16867969930171967,"y":-0.08397680521011353,"z":0.011312918737530709,"w":-0.9822837710380554},"size":5.277859687805176,"orthographic":false}