{"cameraMode":{"drawMode":0,"name":"Shaded","section":"Shading Mode"},"sceneLighting":false,"audioPlay":false,"sceneViewState":{"showFog":true,"showMaterialUpdate":false,"showSkybox":false,"showFlares":true,"showImageEffects":true,"showParticleSystems":true},"in2DMode":false,"pivot":{"x":1.0000001192092896,"y":1.1920928955078126e-7,"z":0.0},"rotation":{"x":0.026069385930895807,"y":0.3764493763446808,"z":0.010722928680479527,"w":-0.926075279712677},"size":4.041658878326416,"orthographic":false}