{"cameraMode":{"drawMode":0,"name":"Shaded","section":"Shading Mode"},"sceneLighting":false,"audioPlay":false,"sceneViewState":{"showFog":true,"showMaterialUpdate":false,"showSkybox":false,"showFlares":true,"showImageEffects":true,"showParticleSystems":true},"in2DMode":false,"pivot":{"x":8.245699882507325,"y":3.009999990463257,"z":-3.0199999809265138},"rotation":{"x":-0.10063517093658447,"y":0.009547753259539605,"z":-0.0009736669599078596,"w":-0.9948871731758118},"size":2.8896379470825197,"orthographic":false}