{"cameraMode":{"drawMode":0,"name":"Shaded","section":"Shading Mode"},"sceneLighting":true,"audioPlay":false,"sceneViewState":{"showFog":true,"showMaterialUpdate":false,"showSkybox":true,"showFlares":true,"showImageEffects":true,"showParticleSystems":true},"in2DMode":false,"pivot":{"x":-0.45157772302627566,"y":2.8026256561279299,"z":10.022510528564454},"rotation":{"x":-0.1054520383477211,"y":0.07089513540267945,"z":-0.007605280261486769,"w":-0.9919848442077637},"size":26.51801109313965,"orthographic":false}