{"cameraMode":{"drawMode":0,"name":"Shaded","section":"Shading Mode"},"sceneLighting":false,"audioPlay":false,"sceneViewState":{"showFog":true,"showMaterialUpdate":false,"showSkybox":false,"showFlares":true,"showImageEffects":true,"showParticleSystems":true},"in2DMode":false,"pivot":{"x":0.0,"y":7.159999847412109,"z":33.48350524902344},"rotation":{"x":-0.005487067624926567,"y":-0.9819933176040649,"z":0.18662713468074799,"w":-0.028872856870293618},"size":59.09677505493164,"orthographic":false}