{"cameraMode":{"drawMode":0,"name":"Shaded","section":"Shading Mode"},"sceneLighting":false,"audioPlay":false,"sceneViewState":{"showFog":true,"showMaterialUpdate":false,"showSkybox":false,"showFlares":true,"showImageEffects":true,"showParticleSystems":true},"in2DMode":false,"pivot":{"x":962.59716796875,"y":541.7039794921875,"z":8.0},"rotation":{"x":0.0071905204094946388,"y":0.005096908193081617,"z":0.00002999851858476177,"w":-0.999971866607666},"size":2.521066904067993,"orthographic":false}